<?xml version="1.0" encoding="utf-8"?>

<instance xmlns="http://www.exelearning.org/content/v0.3" reference="4" version="0.3" xmlns:xsi="http://www.w3.org/2001/XMLSchema-instance" xsi:schemalocation="http://www.exelearning.org/content/v0.3 content.xsd" class="exe.engine.package.Package">
 <dictionary>
  <string role="key" value="_title"></string>
  <unicode value="Cómo crear un curso en Moodle 3.10"></unicode>
  <string role="key" value="idevices"></string>
  <list></list>
  <string role="key" value="_addPagination"></string>
  <bool value="0"></bool>
  <string role="key" value="_addSearchBox"></string>
  <bool value="0"></bool>
  <string role="key" value="_author"></string>
  <unicode value="DiGITED"></unicode>
  <string role="key" value="_backgroundImg"></string>
  <unicode value=""></unicode>
  <string role="key" value="_contextMode"></string>
  <unicode value=""></unicode>
  <string role="key" value="_contextPlace"></string>
  <unicode value=""></unicode>
  <string role="key" value="_description"></string>
  <unicode value="Pasos básicos para crear un curso en Moodle 3.10"></unicode>
  <string role="key" value="_docType"></string>
  <unicode value="HTML5"></unicode>
  <string role="key" value="_exportElp"></string>
  <bool value="0"></bool>
  <string role="key" value="_extraHeadContent"></string>
  <unicode value=""></unicode>
  <string role="key" value="_fieldValidationInfo"></string>
  <dictionary>
   <unicode role="key" value="all"></unicode>
   <dictionary>
    <unicode role="key" value="mandatory_fields"></unicode>
    <list>
     <unicode value="pp_title"></unicode>
     <unicode value="pp_lang"></unicode>
     <unicode value="pp_description"></unicode>
     <unicode value="pp_author"></unicode>
     <unicode value="pp_newlicense"></unicode>
    </list>
   </dictionary>
   <unicode role="key" value="procomun"></unicode>
   <dictionary>
    <unicode role="key" value="mandatory_fields"></unicode>
    <list>
     <unicode value="pp_learningResourceType"></unicode>
    </list>
    <unicode role="key" value="values_from_list"></unicode>
    <dictionary>
     <unicode role="key" value="pp_learningResourceType"></unicode>
     <list>
      <unicode value="master class"></unicode>
      <unicode value="closed exercise or problem"></unicode>
      <unicode value="real project"></unicode>
      <unicode value="didactic game"></unicode>
      <unicode value="webquest"></unicode>
      <unicode value="open problem"></unicode>
      <unicode value="simulation"></unicode>
      <unicode value="questionnaire"></unicode>
      <unicode value="conceptual map"></unicode>
     </list>
    </dictionary>
   </dictionary>
  </dictionary>
  <string role="key" value="_intendedEndUserRoleGroup"></string>
  <bool value="0"></bool>
  <string role="key" value="_intendedEndUserRoleTutor"></string>
  <bool value="0"></bool>
  <string role="key" value="_intendedEndUserRoleType"></string>
  <unicode value=""></unicode>
  <string role="key" value="_isChanged"></string>
  <bool value="0"></bool>
  <string role="key" value="_isTemplate"></string>
  <bool value="0"></bool>
  <string role="key" value="_lang"></string>
  <unicode value="es"></unicode>
  <string role="key" value="_learningResourceType"></string>
  <unicode value=""></unicode>
  <string role="key" value="_levelNames"></string>
  <list>
   <unicode value="Tema"></unicode>
   <unicode value="Sección"></unicode>
   <unicode value="Unidad"></unicode>
  </list>
  <string role="key" value="_name"></string>
  <unicode value="Crear_curso_Moodle_310"></unicode>
  <string role="key" value="_nextIdeviceId"></string>
  <int value="2"></int>
  <string role="key" value="_nextNodeId"></string>
  <int value="2"></int>
  <string role="key" value="_nodeIdDict"></string>
  <dictionary>
   <unicode role="key" value="0"></unicode>
   <instance class="exe.engine.node.Node" reference="3">
    <dictionary>
     <string role="key" value="_title"></string>
     <unicode value="Moodle 3.10"></unicode>
     <string role="key" value="idevices"></string>
     <list>
      <instance class="exe.engine.jsidevice.JsIdevice" reference="1">
       <dictionary>
        <string role="key" value="_title"></string>
        <unicode value="Tips para crear un curso"></unicode>
        <string role="key" value="_attributes"></string>
        <list>
         <tuple>
          <string value="title"></string>
          <list>
           <string value="Title"></string>
           <int value="0"></int>
           <int value="0"></int>
          </list>
         </tuple>
         <tuple>
          <string value="category"></string>
          <list>
           <string value="Category"></string>
           <int value="0"></int>
           <int value="1"></int>
          </list>
         </tuple>
         <tuple>
          <string value="css-class"></string>
          <list>
           <string value="CSS class"></string>
           <int value="0"></int>
           <int value="2"></int>
          </list>
         </tuple>
         <tuple>
          <string value="icon"></string>
          <list>
           <string value="Icon"></string>
           <int value="0"></int>
           <int value="3"></int>
          </list>
         </tuple>
        </list>
        <string role="key" value="_author"></string>
        <string value=""></string>
        <string role="key" value="_iDeviceDir"></string>
        <string value="text"></string>
        <string role="key" value="_purpose"></string>
        <string value=""></string>
        <string role="key" value="_tip"></string>
        <string value=""></string>
        <string role="key" value="_valid"></string>
        <bool value="1"></bool>
        <string role="key" value="class_"></string>
        <unicode value="text"></unicode>
        <string role="key" value="edit"></string>
        <bool value="0"></bool>
        <string role="key" value="emphasis"></string>
        <int value="1"></int>
        <string role="key" value="exe.engine.jsidevice.JsIdevice.persistenceVersion"></string>
        <int value="1"></int>
        <string role="key" value="fields"></string>
        <list>
         <instance class="exe.engine.field.TextAreaField" reference="2">
          <dictionary>
           <string role="key" value="_id"></string>
           <unicode value="109_2"></unicode>
           <string role="key" value="_idevice"></string>
           <reference key="1"></reference>
           <string role="key" value="_instruc"></string>
           <string value=""></string>
           <string role="key" value="_name"></string>
           <string value=""></string>
           <string role="key" value="anchor_names"></string>
           <list></list>
           <string role="key" value="content_w_resourcePaths"></string>
           <unicode content="true" value="&lt;div class=&quot;exe-text&quot;&gt;&lt;p&gt;A continuación se muestran los pasos básicos para crear un curso en Moodle versión 3.10.&lt;/p&gt;&lt;/div&gt;"></unicode>
           <string role="key" value="exe.engine.field.Field.persistenceVersion"></string>
           <int value="4"></int>
           <string role="key" value="exe.engine.field.FieldWithResources.persistenceVersion"></string>
           <int value="2"></int>
           <string role="key" value="exe.engine.field.TextAreaField.persistenceVersion"></string>
           <int value="3"></int>
           <string role="key" value="htmlTag"></string>
           <string value="div"></string>
           <string role="key" value="images"></string>
           <instance class="exe.engine.galleryidevice.GalleryImages">
            <dictionary>
             <string role="key" value=".listitems"></string>
             <list></list>
             <string role="key" value="idevice"></string>
             <reference key="2"></reference>
            </dictionary>
           </instance>
           <string role="key" value="intlinks_to_anchors"></string>
           <dictionary></dictionary>
           <string role="key" value="nextImageId"></string>
           <int value="0"></int>
           <string role="key" value="parentNode"></string>
           <none></none>
          </dictionary>
         </instance>
        </list>
        <string role="key" value="icon"></string>
        <unicode value=""></unicode>
        <string role="key" value="id"></string>
        <unicode value="1"></unicode>
        <string role="key" value="ideviceCategory"></string>
        <unicode value="Text and Tasks"></unicode>
        <string role="key" value="lastIdevice"></string>
        <bool value="0"></bool>
        <string role="key" value="nextFieldId"></string>
        <int value="3"></int>
        <string role="key" value="originalicon"></string>
        <string value=""></string>
        <string role="key" value="parentNode"></string>
        <reference key="3"></reference>
        <string role="key" value="systemResources"></string>
        <list></list>
        <string role="key" value="undo"></string>
        <bool value="1"></bool>
        <string role="key" value="userResources"></string>
        <list></list>
        <string role="key" value="version"></string>
        <int value="0"></int>
       </dictionary>
      </instance>
     </list>
     <string role="key" value="_id"></string>
     <unicode value="0"></unicode>
     <string role="key" value="_package"></string>
     <reference key="4"></reference>
     <string role="key" value="anchor_fields"></string>
     <list></list>
     <string role="key" value="exe.engine.node.Node.persistenceVersion"></string>
     <int value="2"></int>
     <string role="key" value="exportType"></string>
     <string value="website"></string>
     <string role="key" value="last_full_node_path"></string>
     <string value="exe-node:Moodle%203.10"></string>
     <string role="key" value="parent"></string>
     <none></none>
     <string role="key" value="top_anchors_linked_from_fields"></string>
     <list></list>
     <string role="key" value="children"></string>
     <list>
      <instance class="exe.engine.node.Node" reference="7">
       <dictionary>
        <string role="key" value="_title"></string>
        <unicode value="Cómo crear un curso en Moodle 3.10"></unicode>
        <string role="key" value="idevices"></string>
        <list>
         <instance class="exe.engine.jsidevice.JsIdevice" reference="5">
          <dictionary>
           <string role="key" value="_title"></string>
           <unicode value="Crear un curso"></unicode>
           <string role="key" value="_attributes"></string>
           <list>
            <tuple>
             <string value="title"></string>
             <list>
              <string value="Title"></string>
              <int value="0"></int>
              <int value="0"></int>
             </list>
            </tuple>
            <tuple>
             <string value="category"></string>
             <list>
              <string value="Category"></string>
              <int value="0"></int>
              <int value="1"></int>
             </list>
            </tuple>
            <tuple>
             <string value="css-class"></string>
             <list>
              <string value="CSS class"></string>
              <int value="0"></int>
              <int value="2"></int>
             </list>
            </tuple>
            <tuple>
             <string value="icon"></string>
             <list>
              <string value="Icon"></string>
              <int value="0"></int>
              <int value="3"></int>
             </list>
            </tuple>
           </list>
           <string role="key" value="_author"></string>
           <string value=""></string>
           <string role="key" value="_iDeviceDir"></string>
           <string value="text"></string>
           <string role="key" value="_purpose"></string>
           <string value=""></string>
           <string role="key" value="_tip"></string>
           <string value=""></string>
           <string role="key" value="_valid"></string>
           <bool value="1"></bool>
           <string role="key" value="class_"></string>
           <unicode value="text"></unicode>
           <string role="key" value="edit"></string>
           <bool value="0"></bool>
           <string role="key" value="emphasis"></string>
           <int value="1"></int>
           <string role="key" value="exe.engine.jsidevice.JsIdevice.persistenceVersion"></string>
           <int value="1"></int>
           <string role="key" value="fields"></string>
           <list>
            <instance class="exe.engine.field.TextAreaField" reference="6">
             <dictionary>
              <string role="key" value="_id"></string>
              <unicode value="108_2"></unicode>
              <string role="key" value="_idevice"></string>
              <reference key="5"></reference>
              <string role="key" value="_instruc"></string>
              <string value=""></string>
              <string role="key" value="_name"></string>
              <string value=""></string>
              <string role="key" value="anchor_names"></string>
              <list></list>
              <string role="key" value="content_w_resourcePaths"></string>
              <unicode content="true" value="&lt;div class=&quot;exe-text&quot;&gt;&lt;p&gt;1. Ingresar (login) al sistema Moodle con su cuenta de profesor.&lt;/p&gt;
&lt;p&gt;2. Dar clic sobre el enlace &quot;Cursos&quot; que aparece en área superior derecha de su pantalla.&lt;/p&gt;
&lt;p style=&quot;text-align: center;&quot;&gt;&lt;img src=&quot;resources/menu_cursos.png&quot; alt=&quot;menu_cursos&quot; title=&quot;menu_cursos&quot; width=&quot;453&quot; height=&quot;153&quot; /&gt;&lt;/p&gt;
&lt;p&gt;3. El sistema mostrará la lista de Categorías creadas para organizar los contenidos. Usted debe navegar hasta la Categoría que le corresponde (Facultad o Centro Regional al que usted pertenece). Solo allí podrá observar un botón, al final de la página, denominado &quot;CREAR UN NUEVO CURSO&quot;. Debe dar clic sobre el mismo.&lt;/p&gt;
&lt;p style=&quot;text-align: center;&quot;&gt;&lt;img src=&quot;resources/listado_cursos_boton_crear_curso.png&quot; alt=&quot;listado_cursos_boton_crear_curso&quot; title=&quot;listado_cursos_boton_crear_curso&quot; width=&quot;634&quot; height=&quot;146&quot; /&gt;&lt;/p&gt;
&lt;p&gt;4. Aparecerá la página web en donde debe ingresar los datos generales del curso a crear, como son: el nombre del curso, nombre corto, etc. Al final, recuerde &quot;Guardar&quot;  los datos.&lt;/p&gt;
&lt;p style=&quot;text-align: center;&quot;&gt;&lt;img src=&quot;resources/pag_crear_curso.png&quot; alt=&quot;pag_crear_curso&quot; title=&quot;pag_crear_curso&quot; width=&quot;667&quot; height=&quot;437&quot; /&gt;&lt;/p&gt;
&lt;p&gt;5. El sistema creará el curso sin contenidos y, a diferencia de la versión anterior del Moodle, en el área central observará dos 2 columnas solamente (lo que significa que habrá más espacio para los contenidos didácticos).&lt;/p&gt;
&lt;p&gt;En la imagen siguiente se muestran tres botones/enlaces nuevos.&lt;/p&gt;
&lt;p style=&quot;text-align: center;&quot;&gt;&lt;img src=&quot;resources/3_botones_nuevos.png&quot; alt=&quot;3_botones_nuevos&quot; title=&quot;3_botones_nuevos&quot; width=&quot;757&quot; height=&quot;278&quot; /&gt;&lt;/p&gt;
&lt;p&gt;6. Si usted da clic sobre el botón señalado con el numero &quot;1&quot;, se habilita la columna izquierda. Ese mismo botón cambia su imagen a &quot;X&quot;.&lt;/p&gt;
&lt;p&gt;Para desactivar la columna izquierda, debe dar clic sobre el mismo botón.&lt;/p&gt;
&lt;p style=&quot;text-align: center;&quot;&gt;&lt;img src=&quot;resources/desactivar_boton_1.png&quot; alt=&quot;desactivar_boton_1&quot; title=&quot;desactivar_boton_1&quot; width=&quot;822&quot; height=&quot;386&quot; /&gt;&lt;/p&gt;
&lt;p&gt;7. El botón señalado con el número 2 se utiliza para habilitar los enlaces que en la versión anterior del Moodle aparecían en el área izquierda de la página web, como son, por ejemplo: Editar ajustes, Configuración de calificaciones, Copia de seguridad (ver imagen siguiente).&lt;/p&gt;
&lt;p style=&quot;text-align: center;&quot;&gt;&lt;img src=&quot;resources/menu_de_acciones.png&quot; alt=&quot;menu_de_acciones&quot; title=&quot;menu_de_acciones&quot; width=&quot;437&quot; height=&quot;446&quot; /&gt;&lt;/p&gt;
&lt;p&gt;9. Como podrá observar en la figura anterior, el último enlace dice &quot;Mas ...&quot;. Este permite abrir una página con la lista completa de los enlaces para administrar tanto el curso como a los usuarios del mismo.&lt;/p&gt;
&lt;p style=&quot;text-align: center;&quot;&gt;&lt;img src=&quot;resources/enlace_mas.png&quot; alt=&quot;enlace_mas&quot; title=&quot;enlace_mas&quot; width=&quot;780&quot; height=&quot;443&quot; /&gt;&lt;/p&gt;
&lt;p&gt;10. Finalmente, el botón señalado con el número 3 activa el modo de edición del curso, lo que permite agregar, editar y eliminar contenidos didácticos del curso.&lt;/p&gt;
&lt;p&gt;Al finalizar de editar el curso, debe dar clic en el botón &quot;DESACTIVAR EDICIÓN&quot;.&lt;/p&gt;
&lt;p&gt;&lt;img src=&quot;resources/desactivar_edicion.png&quot; alt=&quot;desactivar_edicion&quot; title=&quot;desactivar_edicion&quot; width=&quot;750&quot; height=&quot;280&quot; /&gt;&lt;/p&gt;&lt;/div&gt;"></unicode>
              <string role="key" value="exe.engine.field.Field.persistenceVersion"></string>
              <int value="4"></int>
              <string role="key" value="exe.engine.field.FieldWithResources.persistenceVersion"></string>
              <int value="2"></int>
              <string role="key" value="exe.engine.field.TextAreaField.persistenceVersion"></string>
              <int value="3"></int>
              <string role="key" value="htmlTag"></string>
              <string value="div"></string>
              <string role="key" value="images"></string>
              <instance class="exe.engine.galleryidevice.GalleryImages">
               <dictionary>
                <string role="key" value=".listitems"></string>
                <list>
                 <instance class="exe.engine.galleryidevice.GalleryImage">
                  <dictionary>
                   <string role="key" value="_caption"></string>
                   <instance class="exe.engine.field.TextField">
                    <dictionary>
                     <string role="key" value="_id"></string>
                     <int value="203"></int>
                     <string role="key" value="_idevice"></string>
                     <none></none>
                     <string role="key" value="_instruc"></string>
                     <string value=""></string>
                     <string role="key" value="_name"></string>
                     <string value=""></string>
                     <string role="key" value="content"></string>
                     <string value=""></string>
                     <string role="key" value="exe.engine.field.Field.persistenceVersion"></string>
                     <int value="4"></int>
                    </dictionary>
                   </instance>
                   <string role="key" value="_id"></string>
                   <unicode value="0_108_2.0"></unicode>
                   <string role="key" value="_imageResource"></string>
                   <instance class="exe.engine.resource.Resource" reference="8">
                    <dictionary>
                     <string role="key" value="_idevice"></string>
                     <reference key="5"></reference>
                     <string role="key" value="_package"></string>
                     <reference key="4"></reference>
                     <string role="key" value="_storageName"></string>
                     <string value="menu_cursos.png"></string>
                     <string role="key" value="_userName"></string>
                     <string value="c:\\users\\bgome\\appdata\\local\\temp\\tmppkjkv2.eXe\\previews\\allyourbase\\menu_cursos.png"></string>
                     <string role="key" value="checksum"></string>
                     <string value="7ccde37ed5e1edc395f837dfbfbeac5f"></string>
                     <string role="key" value="exe.engine.resource.Resource.persistenceVersion"></string>
                     <int value="2"></int>
                     <string role="key" value="exe.engine.resource._Resource.persistenceVersion"></string>
                     <int value="2"></int>
                     <string role="key" value="warningMsg"></string>
                     <string value=""></string>
                    </dictionary>
                   </instance>
                   <string role="key" value="_parent"></string>
                   <reference key="6"></reference>
                   <string role="key" value="_thumbnailResource"></string>
                   <none></none>
                   <string role="key" value="exe.engine.galleryidevice.GalleryImage.persistenceVersion"></string>
                   <int value="3"></int>
                   <string role="key" value="makeThumbnail"></string>
                   <bool value="0"></bool>
                  </dictionary>
                 </instance>
                 <instance class="exe.engine.galleryidevice.GalleryImage">
                  <dictionary>
                   <string role="key" value="_caption"></string>
                   <instance class="exe.engine.field.TextField">
                    <dictionary>
                     <string role="key" value="_id"></string>
                     <int value="204"></int>
                     <string role="key" value="_idevice"></string>
                     <none></none>
                     <string role="key" value="_instruc"></string>
                     <string value=""></string>
                     <string role="key" value="_name"></string>
                     <string value=""></string>
                     <string role="key" value="content"></string>
                     <string value=""></string>
                     <string role="key" value="exe.engine.field.Field.persistenceVersion"></string>
                     <int value="4"></int>
                    </dictionary>
                   </instance>
                   <string role="key" value="_id"></string>
                   <unicode value="0_108_2.1"></unicode>
                   <string role="key" value="_imageResource"></string>
                   <instance class="exe.engine.resource.Resource" reference="9">
                    <dictionary>
                     <string role="key" value="_idevice"></string>
                     <reference key="5"></reference>
                     <string role="key" value="_package"></string>
                     <reference key="4"></reference>
                     <string role="key" value="_storageName"></string>
                     <string value="listado_cursos_boton_crear_curso.png"></string>
                     <string role="key" value="_userName"></string>
                     <string value="c:\\users\\bgome\\appdata\\local\\temp\\tmppkjkv2.eXe\\previews\\allyourbase\\listado_cursos_boton_crear_curso.png"></string>
                     <string role="key" value="checksum"></string>
                     <string value="f18d560deee61f1a6d3cf69b995e8cc5"></string>
                     <string role="key" value="exe.engine.resource.Resource.persistenceVersion"></string>
                     <int value="2"></int>
                     <string role="key" value="exe.engine.resource._Resource.persistenceVersion"></string>
                     <int value="2"></int>
                     <string role="key" value="warningMsg"></string>
                     <string value=""></string>
                    </dictionary>
                   </instance>
                   <string role="key" value="_parent"></string>
                   <reference key="6"></reference>
                   <string role="key" value="_thumbnailResource"></string>
                   <none></none>
                   <string role="key" value="exe.engine.galleryidevice.GalleryImage.persistenceVersion"></string>
                   <int value="3"></int>
                   <string role="key" value="makeThumbnail"></string>
                   <bool value="0"></bool>
                  </dictionary>
                 </instance>
                 <instance class="exe.engine.galleryidevice.GalleryImage">
                  <dictionary>
                   <string role="key" value="_caption"></string>
                   <instance class="exe.engine.field.TextField">
                    <dictionary>
                     <string role="key" value="_id"></string>
                     <int value="205"></int>
                     <string role="key" value="_idevice"></string>
                     <none></none>
                     <string role="key" value="_instruc"></string>
                     <string value=""></string>
                     <string role="key" value="_name"></string>
                     <string value=""></string>
                     <string role="key" value="content"></string>
                     <string value=""></string>
                     <string role="key" value="exe.engine.field.Field.persistenceVersion"></string>
                     <int value="4"></int>
                    </dictionary>
                   </instance>
                   <string role="key" value="_id"></string>
                   <unicode value="0_108_2.2"></unicode>
                   <string role="key" value="_imageResource"></string>
                   <instance class="exe.engine.resource.Resource" reference="10">
                    <dictionary>
                     <string role="key" value="_idevice"></string>
                     <reference key="5"></reference>
                     <string role="key" value="_package"></string>
                     <reference key="4"></reference>
                     <string role="key" value="_storageName"></string>
                     <string value="pag_crear_curso.png"></string>
                     <string role="key" value="_userName"></string>
                     <string value="c:\\users\\bgome\\appdata\\local\\temp\\tmppkjkv2.eXe\\previews\\allyourbase\\pag_crear_curso.png"></string>
                     <string role="key" value="checksum"></string>
                     <string value="b82a312ee6bf1870f2a141faa218c1bc"></string>
                     <string role="key" value="exe.engine.resource.Resource.persistenceVersion"></string>
                     <int value="2"></int>
                     <string role="key" value="exe.engine.resource._Resource.persistenceVersion"></string>
                     <int value="2"></int>
                     <string role="key" value="warningMsg"></string>
                     <string value=""></string>
                    </dictionary>
                   </instance>
                   <string role="key" value="_parent"></string>
                   <reference key="6"></reference>
                   <string role="key" value="_thumbnailResource"></string>
                   <none></none>
                   <string role="key" value="exe.engine.galleryidevice.GalleryImage.persistenceVersion"></string>
                   <int value="3"></int>
                   <string role="key" value="makeThumbnail"></string>
                   <bool value="0"></bool>
                  </dictionary>
                 </instance>
                 <instance class="exe.engine.galleryidevice.GalleryImage">
                  <dictionary>
                   <string role="key" value="_caption"></string>
                   <instance class="exe.engine.field.TextField">
                    <dictionary>
                     <string role="key" value="_id"></string>
                     <int value="206"></int>
                     <string role="key" value="_idevice"></string>
                     <none></none>
                     <string role="key" value="_instruc"></string>
                     <string value=""></string>
                     <string role="key" value="_name"></string>
                     <string value=""></string>
                     <string role="key" value="content"></string>
                     <string value=""></string>
                     <string role="key" value="exe.engine.field.Field.persistenceVersion"></string>
                     <int value="4"></int>
                    </dictionary>
                   </instance>
                   <string role="key" value="_id"></string>
                   <unicode value="0_108_2.3"></unicode>
                   <string role="key" value="_imageResource"></string>
                   <instance class="exe.engine.resource.Resource" reference="11">
                    <dictionary>
                     <string role="key" value="_idevice"></string>
                     <reference key="5"></reference>
                     <string role="key" value="_package"></string>
                     <reference key="4"></reference>
                     <string role="key" value="_storageName"></string>
                     <string value="3_botones_nuevos.png"></string>
                     <string role="key" value="_userName"></string>
                     <string value="c:\\users\\bgome\\appdata\\local\\temp\\tmppkjkv2.eXe\\previews\\allyourbase\\3_botones_nuevos.png"></string>
                     <string role="key" value="checksum"></string>
                     <string value="16ea558cf289a2baab813f9d03557a99"></string>
                     <string role="key" value="exe.engine.resource.Resource.persistenceVersion"></string>
                     <int value="2"></int>
                     <string role="key" value="exe.engine.resource._Resource.persistenceVersion"></string>
                     <int value="2"></int>
                     <string role="key" value="warningMsg"></string>
                     <string value=""></string>
                    </dictionary>
                   </instance>
                   <string role="key" value="_parent"></string>
                   <reference key="6"></reference>
                   <string role="key" value="_thumbnailResource"></string>
                   <none></none>
                   <string role="key" value="exe.engine.galleryidevice.GalleryImage.persistenceVersion"></string>
                   <int value="3"></int>
                   <string role="key" value="makeThumbnail"></string>
                   <bool value="0"></bool>
                  </dictionary>
                 </instance>
                 <instance class="exe.engine.galleryidevice.GalleryImage">
                  <dictionary>
                   <string role="key" value="_caption"></string>
                   <instance class="exe.engine.field.TextField">
                    <dictionary>
                     <string role="key" value="_id"></string>
                     <int value="207"></int>
                     <string role="key" value="_idevice"></string>
                     <none></none>
                     <string role="key" value="_instruc"></string>
                     <string value=""></string>
                     <string role="key" value="_name"></string>
                     <string value=""></string>
                     <string role="key" value="content"></string>
                     <string value=""></string>
                     <string role="key" value="exe.engine.field.Field.persistenceVersion"></string>
                     <int value="4"></int>
                    </dictionary>
                   </instance>
                   <string role="key" value="_id"></string>
                   <unicode value="0_108_2.4"></unicode>
                   <string role="key" value="_imageResource"></string>
                   <instance class="exe.engine.resource.Resource" reference="12">
                    <dictionary>
                     <string role="key" value="_idevice"></string>
                     <reference key="5"></reference>
                     <string role="key" value="_package"></string>
                     <reference key="4"></reference>
                     <string role="key" value="_storageName"></string>
                     <string value="desactivar_boton_1.png"></string>
                     <string role="key" value="_userName"></string>
                     <string value="c:\\users\\bgome\\appdata\\local\\temp\\tmppkjkv2.eXe\\previews\\allyourbase\\desactivar_boton_1.png"></string>
                     <string role="key" value="checksum"></string>
                     <string value="4377665c73f053f2f2c360c31ae8e377"></string>
                     <string role="key" value="exe.engine.resource.Resource.persistenceVersion"></string>
                     <int value="2"></int>
                     <string role="key" value="exe.engine.resource._Resource.persistenceVersion"></string>
                     <int value="2"></int>
                     <string role="key" value="warningMsg"></string>
                     <string value=""></string>
                    </dictionary>
                   </instance>
                   <string role="key" value="_parent"></string>
                   <reference key="6"></reference>
                   <string role="key" value="_thumbnailResource"></string>
                   <none></none>
                   <string role="key" value="exe.engine.galleryidevice.GalleryImage.persistenceVersion"></string>
                   <int value="3"></int>
                   <string role="key" value="makeThumbnail"></string>
                   <bool value="0"></bool>
                  </dictionary>
                 </instance>
                 <instance class="exe.engine.galleryidevice.GalleryImage">
                  <dictionary>
                   <string role="key" value="_caption"></string>
                   <instance class="exe.engine.field.TextField">
                    <dictionary>
                     <string role="key" value="_id"></string>
                     <int value="209"></int>
                     <string role="key" value="_idevice"></string>
                     <none></none>
                     <string role="key" value="_instruc"></string>
                     <string value=""></string>
                     <string role="key" value="_name"></string>
                     <string value=""></string>
                     <string role="key" value="content"></string>
                     <string value=""></string>
                     <string role="key" value="exe.engine.field.Field.persistenceVersion"></string>
                     <int value="4"></int>
                    </dictionary>
                   </instance>
                   <string role="key" value="_id"></string>
                   <unicode value="0_108_2.6"></unicode>
                   <string role="key" value="_imageResource"></string>
                   <instance class="exe.engine.resource.Resource" reference="13">
                    <dictionary>
                     <string role="key" value="_idevice"></string>
                     <reference key="5"></reference>
                     <string role="key" value="_package"></string>
                     <reference key="4"></reference>
                     <string role="key" value="_storageName"></string>
                     <string value="menu_de_acciones.png"></string>
                     <string role="key" value="_userName"></string>
                     <string value="c:\\users\\bgome\\appdata\\local\\temp\\tmppkjkv2.eXe\\previews\\allyourbase\\menu_de_acciones.png"></string>
                     <string role="key" value="checksum"></string>
                     <string value="69af708acc90ff39e5aa5a095f372d0c"></string>
                     <string role="key" value="exe.engine.resource.Resource.persistenceVersion"></string>
                     <int value="2"></int>
                     <string role="key" value="exe.engine.resource._Resource.persistenceVersion"></string>
                     <int value="2"></int>
                     <string role="key" value="warningMsg"></string>
                     <string value=""></string>
                    </dictionary>
                   </instance>
                   <string role="key" value="_parent"></string>
                   <reference key="6"></reference>
                   <string role="key" value="_thumbnailResource"></string>
                   <none></none>
                   <string role="key" value="exe.engine.galleryidevice.GalleryImage.persistenceVersion"></string>
                   <int value="3"></int>
                   <string role="key" value="makeThumbnail"></string>
                   <bool value="0"></bool>
                  </dictionary>
                 </instance>
                 <instance class="exe.engine.galleryidevice.GalleryImage">
                  <dictionary>
                   <string role="key" value="_caption"></string>
                   <instance class="exe.engine.field.TextField">
                    <dictionary>
                     <string role="key" value="_id"></string>
                     <int value="210"></int>
                     <string role="key" value="_idevice"></string>
                     <none></none>
                     <string role="key" value="_instruc"></string>
                     <string value=""></string>
                     <string role="key" value="_name"></string>
                     <string value=""></string>
                     <string role="key" value="content"></string>
                     <string value=""></string>
                     <string role="key" value="exe.engine.field.Field.persistenceVersion"></string>
                     <int value="4"></int>
                    </dictionary>
                   </instance>
                   <string role="key" value="_id"></string>
                   <unicode value="0_108_2.7"></unicode>
                   <string role="key" value="_imageResource"></string>
                   <instance class="exe.engine.resource.Resource" reference="14">
                    <dictionary>
                     <string role="key" value="_idevice"></string>
                     <reference key="5"></reference>
                     <string role="key" value="_package"></string>
                     <reference key="4"></reference>
                     <string role="key" value="_storageName"></string>
                     <string value="enlace_mas.png"></string>
                     <string role="key" value="_userName"></string>
                     <string value="c:\\users\\bgome\\appdata\\local\\temp\\tmppkjkv2.eXe\\previews\\allyourbase\\enlace_mas.png"></string>
                     <string role="key" value="checksum"></string>
                     <string value="a1e6180175a031bee10bd91ca0895034"></string>
                     <string role="key" value="exe.engine.resource.Resource.persistenceVersion"></string>
                     <int value="2"></int>
                     <string role="key" value="exe.engine.resource._Resource.persistenceVersion"></string>
                     <int value="2"></int>
                     <string role="key" value="warningMsg"></string>
                     <string value=""></string>
                    </dictionary>
                   </instance>
                   <string role="key" value="_parent"></string>
                   <reference key="6"></reference>
                   <string role="key" value="_thumbnailResource"></string>
                   <none></none>
                   <string role="key" value="exe.engine.galleryidevice.GalleryImage.persistenceVersion"></string>
                   <int value="3"></int>
                   <string role="key" value="makeThumbnail"></string>
                   <bool value="0"></bool>
                  </dictionary>
                 </instance>
                 <instance class="exe.engine.galleryidevice.GalleryImage">
                  <dictionary>
                   <string role="key" value="_caption"></string>
                   <instance class="exe.engine.field.TextField">
                    <dictionary>
                     <string role="key" value="_id"></string>
                     <int value="211"></int>
                     <string role="key" value="_idevice"></string>
                     <none></none>
                     <string role="key" value="_instruc"></string>
                     <string value=""></string>
                     <string role="key" value="_name"></string>
                     <string value=""></string>
                     <string role="key" value="content"></string>
                     <string value=""></string>
                     <string role="key" value="exe.engine.field.Field.persistenceVersion"></string>
                     <int value="4"></int>
                    </dictionary>
                   </instance>
                   <string role="key" value="_id"></string>
                   <unicode value="0_108_2.8"></unicode>
                   <string role="key" value="_imageResource"></string>
                   <instance class="exe.engine.resource.Resource" reference="15">
                    <dictionary>
                     <string role="key" value="_idevice"></string>
                     <reference key="5"></reference>
                     <string role="key" value="_package"></string>
                     <reference key="4"></reference>
                     <string role="key" value="_storageName"></string>
                     <string value="desactivar_edicion.png"></string>
                     <string role="key" value="_userName"></string>
                     <string value="c:\\users\\bgome\\appdata\\local\\temp\\tmppkjkv2.eXe\\previews\\allyourbase\\desactivar_edicion.png"></string>
                     <string role="key" value="checksum"></string>
                     <string value="fa74b4848ccd11e071f8d1d5762d8264"></string>
                     <string role="key" value="exe.engine.resource.Resource.persistenceVersion"></string>
                     <int value="2"></int>
                     <string role="key" value="exe.engine.resource._Resource.persistenceVersion"></string>
                     <int value="2"></int>
                     <string role="key" value="warningMsg"></string>
                     <string value=""></string>
                    </dictionary>
                   </instance>
                   <string role="key" value="_parent"></string>
                   <reference key="6"></reference>
                   <string role="key" value="_thumbnailResource"></string>
                   <none></none>
                   <string role="key" value="exe.engine.galleryidevice.GalleryImage.persistenceVersion"></string>
                   <int value="3"></int>
                   <string role="key" value="makeThumbnail"></string>
                   <bool value="0"></bool>
                  </dictionary>
                 </instance>
                </list>
                <string role="key" value="idevice"></string>
                <reference key="6"></reference>
               </dictionary>
              </instance>
              <string role="key" value="intlinks_to_anchors"></string>
              <dictionary></dictionary>
              <string role="key" value="nextImageId"></string>
              <int value="9"></int>
              <string role="key" value="parentNode"></string>
              <reference key="7"></reference>
             </dictionary>
            </instance>
           </list>
           <string role="key" value="icon"></string>
           <unicode value=""></unicode>
           <string role="key" value="id"></string>
           <unicode value="0"></unicode>
           <string role="key" value="ideviceCategory"></string>
           <unicode value="Text and Tasks"></unicode>
           <string role="key" value="lastIdevice"></string>
           <bool value="0"></bool>
           <string role="key" value="nextFieldId"></string>
           <int value="3"></int>
           <string role="key" value="originalicon"></string>
           <string value=""></string>
           <string role="key" value="parentNode"></string>
           <reference key="7"></reference>
           <string role="key" value="systemResources"></string>
           <list></list>
           <string role="key" value="undo"></string>
           <bool value="1"></bool>
           <string role="key" value="userResources"></string>
           <list>
            <reference key="8"></reference>
            <reference key="9"></reference>
            <reference key="10"></reference>
            <reference key="11"></reference>
            <reference key="12"></reference>
            <reference key="13"></reference>
            <reference key="14"></reference>
            <reference key="15"></reference>
           </list>
           <string role="key" value="version"></string>
           <int value="0"></int>
          </dictionary>
         </instance>
        </list>
        <string role="key" value="_id"></string>
        <unicode value="1"></unicode>
        <string role="key" value="_package"></string>
        <reference key="4"></reference>
        <string role="key" value="anchor_fields"></string>
        <list></list>
        <string role="key" value="exe.engine.node.Node.persistenceVersion"></string>
        <int value="2"></int>
        <string role="key" value="exportType"></string>
        <string value="website"></string>
        <string role="key" value="last_full_node_path"></string>
        <string value="exe-node:Moodle%203.10:C%C3%B3mo%20crear%20un%20curso%20en%20Moodle%203.10"></string>
        <string role="key" value="parent"></string>
        <reference key="3"></reference>
        <string role="key" value="top_anchors_linked_from_fields"></string>
        <list></list>
        <string role="key" value="children"></string>
        <list></list>
       </dictionary>
      </instance>
     </list>
    </dictionary>
   </instance>
   <unicode role="key" value="1"></unicode>
   <reference key="7"></reference>
  </dictionary>
  <string role="key" value="_objectives"></string>
  <unicode value=""></unicode>
  <string role="key" value="_preknowledge"></string>
  <unicode value=""></unicode>
  <string role="key" value="_templateFile"></string>
  <string value="Base"></string>
  <string role="key" value="backgroundImgTile"></string>
  <bool value="0"></bool>
  <string role="key" value="currentNode"></string>
  <reference key="3"></reference>
  <string role="key" value="dublinCore"></string>
  <instance class="exe.engine.package.DublinCore">
   <dictionary>
    <string role="key" value="contributors"></string>
    <unicode value=""></unicode>
    <string role="key" value="coverage"></string>
    <unicode value=""></unicode>
    <string role="key" value="creator"></string>
    <unicode value="DiGITED"></unicode>
    <string role="key" value="date"></string>
    <unicode value=""></unicode>
    <string role="key" value="description"></string>
    <unicode value="Pasos básicos para crear un curso en Moodle 3.10"></unicode>
    <string role="key" value="format"></string>
    <unicode value=""></unicode>
    <string role="key" value="identifier"></string>
    <unicode value="4a7d755e-34a5-410a-a7d4-601881136623"></unicode>
    <string role="key" value="language"></string>
    <unicode value="es"></unicode>
    <string role="key" value="publisher"></string>
    <unicode value=""></unicode>
    <string role="key" value="relation"></string>
    <unicode value=""></unicode>
    <string role="key" value="rights"></string>
    <unicode value=""></unicode>
    <string role="key" value="source"></string>
    <unicode value=""></unicode>
    <string role="key" value="subject"></string>
    <unicode value=""></unicode>
    <string role="key" value="title"></string>
    <unicode value="Cómo crear un curso en Moodle 3.10"></unicode>
    <string role="key" value="type"></string>
    <unicode value=""></unicode>
   </dictionary>
  </instance>
  <string role="key" value="exe.engine.package.Package.persistenceVersion"></string>
  <int value="16"></int>
  <string role="key" value="exportMetadataType"></string>
  <string value="LOMES"></string>
  <string role="key" value="exportSource"></string>
  <bool value="1"></bool>
  <string role="key" value="footer"></string>
  <string value=""></string>
  <string role="key" value="isLoading"></string>
  <bool value="0"></bool>
  <string role="key" value="license"></string>
  <unicode value="creative commons: attribution - share alike 4.0"></unicode>
  <string role="key" value="lom"></string>
  <instance class="exe.engine.lom.lomsubs.lomSub">
   <dictionary>
    <string role="key" value="__index__"></string>
    <dictionary></dictionary>
    <string role="key" value="__oldchild__"></string>
    <none></none>
    <string role="key" value="annotation"></string>
    <list></list>
    <string role="key" value="classification"></string>
    <list></list>
    <string role="key" value="educational"></string>
    <list>
     <instance class="exe.engine.lom.lomsubs.educationalSub">
      <dictionary>
       <string role="key" value="cognitiveProcess"></string>
       <list></list>
       <string role="key" value="context"></string>
       <list></list>
       <string role="key" value="description"></string>
       <list></list>
       <string role="key" value="difficulty"></string>
       <none></none>
       <string role="key" value="intendedEndUserRole"></string>
       <list></list>
       <string role="key" value="interactivityLevel"></string>
       <none></none>
       <string role="key" value="interactivityType"></string>
       <none></none>
       <string role="key" value="language"></string>
       <list>
        <instance class="exe.engine.lom.lomsubs.LanguageIdSub">
         <dictionary>
          <string role="key" value="extensiontype_"></string>
          <none></none>
          <string role="key" value="valueOf_"></string>
          <string value="es"></string>
         </dictionary>
        </instance>
       </list>
       <string role="key" value="learningResourceType"></string>
       <list></list>
       <string role="key" value="semanticDensity"></string>
       <none></none>
       <string role="key" value="typicalAgeRange"></string>
       <list></list>
       <string role="key" value="typicalLearningTime"></string>
       <none></none>
      </dictionary>
     </instance>
    </list>
    <string role="key" value="general"></string>
    <instance class="exe.engine.lom.lomsubs.generalSub">
     <dictionary>
      <string role="key" value="aggregationLevel"></string>
      <instance class="exe.engine.lom.lomsubs.aggregationLevelSub">
       <dictionary>
        <string role="key" value="extensiontype_"></string>
        <none></none>
        <string role="key" value="source"></string>
        <instance class="exe.engine.lom.lomsubs.sourceValueSub">
         <dictionary>
          <string role="key" value="extensiontype_"></string>
          <none></none>
          <string role="key" value="string"></string>
          <list></list>
          <string role="key" value="uniqueElementName"></string>
          <string value="source"></string>
          <string role="key" value="valueOf_"></string>
          <string value="LOMv1.0"></string>
         </dictionary>
        </instance>
        <string role="key" value="uniqueElementName"></string>
        <string value="aggregationLevel"></string>
        <string role="key" value="value"></string>
        <instance class="exe.engine.lom.lomsubs.aggregationLevelValueSub">
         <dictionary>
          <string role="key" value="extensiontype_"></string>
          <none></none>
          <string role="key" value="source"></string>
          <none></none>
          <string role="key" value="uniqueElementName"></string>
          <string value="value"></string>
          <string role="key" value="value"></string>
          <none></none>
          <string role="key" value="valueOf_"></string>
          <string value="2"></string>
         </dictionary>
        </instance>
       </dictionary>
      </instance>
      <string role="key" value="coverage"></string>
      <list></list>
      <string role="key" value="description"></string>
      <list>
       <instance class="exe.engine.lom.lomsubs.descriptionSub">
        <dictionary>
         <string role="key" value="extensiontype_"></string>
         <none></none>
         <string role="key" value="string"></string>
         <list>
          <instance class="exe.engine.lom.lomsubs.LangStringSub">
           <dictionary>
            <string role="key" value="language"></string>
            <string value="es"></string>
            <string role="key" value="valueOf_"></string>
            <string value="Pasos b\xc3\xa1sicos para crear un curso en Moodle 3.10"></string>
           </dictionary>
          </instance>
         </list>
        </dictionary>
       </instance>
      </list>
      <string role="key" value="identifier"></string>
      <list>
       <instance class="exe.engine.lom.lomsubs.identifierSub">
        <dictionary>
         <string role="key" value="catalog"></string>
         <instance class="exe.engine.lom.lomsubs.catalogSub">
          <dictionary>
           <string role="key" value="uniqueElementName"></string>
           <string value="catalog"></string>
           <string role="key" value="valueOf_"></string>
           <unicode value="My Catalog"></unicode>
          </dictionary>
         </instance>
         <string role="key" value="entry"></string>
         <instance class="exe.engine.lom.lomsubs.entrySub">
          <dictionary>
           <string role="key" value="uniqueElementName"></string>
           <string value="entry"></string>
           <string role="key" value="valueOf_"></string>
           <unicode value="4a7d755e-34a5-410a-a7d4-601881136623"></unicode>
          </dictionary>
         </instance>
        </dictionary>
       </instance>
      </list>
      <string role="key" value="keyword"></string>
      <list></list>
      <string role="key" value="language"></string>
      <list>
       <instance class="exe.engine.lom.lomsubs.LanguageIdSub">
        <dictionary>
         <string role="key" value="extensiontype_"></string>
         <none></none>
         <string role="key" value="valueOf_"></string>
         <string value="es"></string>
        </dictionary>
       </instance>
      </list>
      <string role="key" value="structure"></string>
      <none></none>
      <string role="key" value="title"></string>
      <instance class="exe.engine.lom.lomsubs.titleSub">
       <dictionary>
        <string role="key" value="extensiontype_"></string>
        <none></none>
        <string role="key" value="string"></string>
        <list>
         <instance class="exe.engine.lom.lomsubs.LangStringSub">
          <dictionary>
           <string role="key" value="language"></string>
           <string value="es"></string>
           <string role="key" value="valueOf_"></string>
           <string value="C\xc3\xb3mo crear un curso en Moodle 3.10"></string>
          </dictionary>
         </instance>
        </list>
        <string role="key" value="uniqueElementName"></string>
        <none></none>
       </dictionary>
      </instance>
      <string role="key" value="uniqueElementName"></string>
      <string value="general"></string>
     </dictionary>
    </instance>
    <string role="key" value="lifeCycle"></string>
    <instance class="exe.engine.lom.lomsubs.lifeCycleSub">
     <dictionary>
      <string role="key" value="contribute"></string>
      <list>
       <instance class="exe.engine.lom.lomsubs.contributeSub">
        <dictionary>
         <string role="key" value="date"></string>
         <instance class="exe.engine.lom.lomsubs.dateSub">
          <dictionary>
           <string role="key" value="dateTime"></string>
           <instance class="exe.engine.lom.lomsubs.DateTimeValueSub">
            <dictionary>
             <string role="key" value="uniqueElementName"></string>
             <string value="dateTime"></string>
             <string role="key" value="valueOf_"></string>
             <string value="2021-01-06T20:10:14.00-05:00"></string>
            </dictionary>
           </instance>
           <string role="key" value="description"></string>
           <instance class="exe.engine.lom.lomsubs.LanguageStringSub">
            <dictionary>
             <string role="key" value="extensiontype_"></string>
             <none></none>
             <string role="key" value="string"></string>
             <list>
              <instance class="exe.engine.lom.lomsubs.LangStringSub">
               <dictionary>
                <string role="key" value="language"></string>
                <string value="es"></string>
                <string role="key" value="valueOf_"></string>
                <string value="Fecha de creaci\xc3\xb3n de los metadatos"></string>
               </dictionary>
              </instance>
             </list>
            </dictionary>
           </instance>
           <string role="key" value="extensiontype_"></string>
           <none></none>
           <string role="key" value="uniqueElementName"></string>
           <none></none>
           <string role="key" value="valueOf_"></string>
           <none></none>
          </dictionary>
         </instance>
         <string role="key" value="entity"></string>
         <list>
          <instance class="exe.engine.lom.lomsubs.entitySub">
           <dictionary>
            <string role="key" value="extensiontype_"></string>
            <none></none>
            <string role="key" value="valueOf_"></string>
            <string value="BEGIN:VCARD VERSION:3.0 FN:DiGITED EMAIL;TYPE=INTERNET: ORG: END:VCARD"></string>
           </dictionary>
          </instance>
         </list>
         <string role="key" value="role"></string>
         <instance class="exe.engine.lom.lomsubs.roleSub">
          <dictionary>
           <string role="key" value="extensiontype_"></string>
           <none></none>
           <string role="key" value="source"></string>
           <instance class="exe.engine.lom.lomsubs.sourceValueSub">
            <dictionary>
             <string role="key" value="extensiontype_"></string>
             <none></none>
             <string role="key" value="string"></string>
             <list></list>
             <string role="key" value="uniqueElementName"></string>
             <string value="source"></string>
             <string role="key" value="valueOf_"></string>
             <string value="LOMv1.0"></string>
            </dictionary>
           </instance>
           <string role="key" value="uniqueElementName"></string>
           <string value="role"></string>
           <string role="key" value="value"></string>
           <instance class="exe.engine.lom.lomsubs.roleValueSub">
            <dictionary>
             <string role="key" value="extensiontype_"></string>
             <none></none>
             <string role="key" value="source"></string>
             <none></none>
             <string role="key" value="uniqueElementName"></string>
             <string value="value"></string>
             <string role="key" value="value"></string>
             <none></none>
             <string role="key" value="valueOf_"></string>
             <string value="author"></string>
            </dictionary>
           </instance>
          </dictionary>
         </instance>
        </dictionary>
       </instance>
      </list>
      <string role="key" value="status"></string>
      <none></none>
      <string role="key" value="uniqueElementName"></string>
      <none></none>
      <string role="key" value="version"></string>
      <none></none>
     </dictionary>
    </instance>
    <string role="key" value="metaMetadata"></string>
    <instance class="exe.engine.lom.lomsubs.metaMetadataSub">
     <dictionary>
      <string role="key" value="contribute"></string>
      <list>
       <instance class="exe.engine.lom.lomsubs.contributeMetaSub">
        <dictionary>
         <string role="key" value="date"></string>
         <instance class="exe.engine.lom.lomsubs.dateSub">
          <dictionary>
           <string role="key" value="dateTime"></string>
           <instance class="exe.engine.lom.lomsubs.DateTimeValueSub">
            <dictionary>
             <string role="key" value="uniqueElementName"></string>
             <string value="dateTime"></string>
             <string role="key" value="valueOf_"></string>
             <string value="2021-01-06T17:43:34.00-05:00"></string>
            </dictionary>
           </instance>
           <string role="key" value="description"></string>
           <instance class="exe.engine.lom.lomsubs.LanguageStringSub">
            <dictionary>
             <string role="key" value="extensiontype_"></string>
             <none></none>
             <string role="key" value="string"></string>
             <list>
              <instance class="exe.engine.lom.lomsubs.LangStringSub">
               <dictionary>
                <string role="key" value="language"></string>
                <string value="es"></string>
                <string role="key" value="valueOf_"></string>
                <string value="Fecha de creaci\xc3\xb3n de los metadatos"></string>
               </dictionary>
              </instance>
             </list>
            </dictionary>
           </instance>
           <string role="key" value="extensiontype_"></string>
           <none></none>
           <string role="key" value="uniqueElementName"></string>
           <none></none>
           <string role="key" value="valueOf_"></string>
           <none></none>
          </dictionary>
         </instance>
         <string role="key" value="entity"></string>
         <list>
          <instance class="exe.engine.lom.lomsubs.entitySub">
           <dictionary>
            <string role="key" value="extensiontype_"></string>
            <none></none>
            <string role="key" value="valueOf_"></string>
            <string value="BEGIN:VCARD VERSION:3.0 FN:DiGITED EMAIL;TYPE=INTERNET: ORG: END:VCARD"></string>
           </dictionary>
          </instance>
         </list>
         <string role="key" value="role"></string>
         <instance class="exe.engine.lom.lomsubs.roleSub">
          <dictionary>
           <string role="key" value="extensiontype_"></string>
           <none></none>
           <string role="key" value="source"></string>
           <instance class="exe.engine.lom.lomsubs.sourceValueSub">
            <dictionary>
             <string role="key" value="extensiontype_"></string>
             <none></none>
             <string role="key" value="string"></string>
             <list></list>
             <string role="key" value="uniqueElementName"></string>
             <string value="source"></string>
             <string role="key" value="valueOf_"></string>
             <string value="LOMv1.0"></string>
            </dictionary>
           </instance>
           <string role="key" value="uniqueElementName"></string>
           <string value="role"></string>
           <string role="key" value="value"></string>
           <instance class="exe.engine.lom.lomsubs.roleValueSub">
            <dictionary>
             <string role="key" value="extensiontype_"></string>
             <none></none>
             <string role="key" value="source"></string>
             <none></none>
             <string role="key" value="uniqueElementName"></string>
             <string value="value"></string>
             <string role="key" value="value"></string>
             <none></none>
             <string role="key" value="valueOf_"></string>
             <string value="creator"></string>
            </dictionary>
           </instance>
          </dictionary>
         </instance>
        </dictionary>
       </instance>
      </list>
      <string role="key" value="identifier"></string>
      <list></list>
      <string role="key" value="language"></string>
      <instance class="exe.engine.lom.lomsubs.LanguageIdSub">
       <dictionary>
        <string role="key" value="extensiontype_"></string>
        <none></none>
        <string role="key" value="valueOf_"></string>
        <string value="es"></string>
       </dictionary>
      </instance>
      <string role="key" value="metadataSchema"></string>
      <list>
       <instance class="exe.engine.lom.lomsubs.metadataSchemaSub">
        <dictionary>
         <string role="key" value="valueOf_"></string>
         <string value="LOMv1.0"></string>
        </dictionary>
       </instance>
      </list>
      <string role="key" value="uniqueElementName"></string>
      <string value="metaMetadata"></string>
     </dictionary>
    </instance>
    <string role="key" value="relation"></string>
    <list></list>
    <string role="key" value="rights"></string>
    <instance class="exe.engine.lom.lomsubs.rightsSub">
     <dictionary>
      <string role="key" value="access"></string>
      <none></none>
      <string role="key" value="copyrightAndOtherRestrictions"></string>
      <instance class="exe.engine.lom.lomsubs.copyrightAndOtherRestrictionsSub">
       <dictionary>
        <string role="key" value="extensiontype_"></string>
        <none></none>
        <string role="key" value="source"></string>
        <instance class="exe.engine.lom.lomsubs.sourceValueSub">
         <dictionary>
          <string role="key" value="extensiontype_"></string>
          <none></none>
          <string role="key" value="string"></string>
          <list></list>
          <string role="key" value="uniqueElementName"></string>
          <string value="source"></string>
          <string role="key" value="valueOf_"></string>
          <string value="LOMv1.0"></string>
         </dictionary>
        </instance>
        <string role="key" value="uniqueElementName"></string>
        <string value="copyrightAndOtherRestrictions"></string>
        <string role="key" value="value"></string>
        <instance class="exe.engine.lom.lomsubs.copyrightAndOtherRestrictionsValueSub">
         <dictionary>
          <string role="key" value="extensiontype_"></string>
          <none></none>
          <string role="key" value="source"></string>
          <none></none>
          <string role="key" value="uniqueElementName"></string>
          <string value="value"></string>
          <string role="key" value="value"></string>
          <none></none>
          <string role="key" value="valueOf_"></string>
          <string value="yes"></string>
         </dictionary>
        </instance>
       </dictionary>
      </instance>
      <string role="key" value="cost"></string>
      <none></none>
      <string role="key" value="description"></string>
      <none></none>
      <string role="key" value="uniqueElementName"></string>
      <none></none>
     </dictionary>
    </instance>
    <string role="key" value="technical"></string>
    <none></none>
   </dictionary>
  </instance>
  <string role="key" value="lomEs"></string>
  <instance class="exe.engine.lom.lomsubs.lomSub">
   <dictionary>
    <string role="key" value="__index__"></string>
    <dictionary></dictionary>
    <string role="key" value="__oldchild__"></string>
    <none></none>
    <string role="key" value="annotation"></string>
    <list></list>
    <string role="key" value="classification"></string>
    <list></list>
    <string role="key" value="educational"></string>
    <list>
     <instance class="exe.engine.lom.lomsubs.educationalSub">
      <dictionary>
       <string role="key" value="cognitiveProcess"></string>
       <list></list>
       <string role="key" value="context"></string>
       <list></list>
       <string role="key" value="description"></string>
       <list></list>
       <string role="key" value="difficulty"></string>
       <none></none>
       <string role="key" value="intendedEndUserRole"></string>
       <list></list>
       <string role="key" value="interactivityLevel"></string>
       <none></none>
       <string role="key" value="interactivityType"></string>
       <none></none>
       <string role="key" value="language"></string>
       <list>
        <instance class="exe.engine.lom.lomsubs.LanguageIdSub">
         <dictionary>
          <string role="key" value="extensiontype_"></string>
          <none></none>
          <string role="key" value="valueOf_"></string>
          <string value="es"></string>
         </dictionary>
        </instance>
       </list>
       <string role="key" value="learningResourceType"></string>
       <list></list>
       <string role="key" value="semanticDensity"></string>
       <none></none>
       <string role="key" value="typicalAgeRange"></string>
       <list></list>
       <string role="key" value="typicalLearningTime"></string>
       <none></none>
      </dictionary>
     </instance>
    </list>
    <string role="key" value="general"></string>
    <instance class="exe.engine.lom.lomsubs.generalSub">
     <dictionary>
      <string role="key" value="aggregationLevel"></string>
      <instance class="exe.engine.lom.lomsubs.aggregationLevelSub">
       <dictionary>
        <string role="key" value="extensiontype_"></string>
        <none></none>
        <string role="key" value="source"></string>
        <instance class="exe.engine.lom.lomsubs.sourceValueSub">
         <dictionary>
          <string role="key" value="extensiontype_"></string>
          <none></none>
          <string role="key" value="string"></string>
          <list></list>
          <string role="key" value="uniqueElementName"></string>
          <string value="source"></string>
          <string role="key" value="valueOf_"></string>
          <string value="LOM-ESv1.0"></string>
         </dictionary>
        </instance>
        <string role="key" value="uniqueElementName"></string>
        <string value="aggregationLevel"></string>
        <string role="key" value="value"></string>
        <instance class="exe.engine.lom.lomsubs.aggregationLevelValueSub">
         <dictionary>
          <string role="key" value="extensiontype_"></string>
          <none></none>
          <string role="key" value="source"></string>
          <none></none>
          <string role="key" value="uniqueElementName"></string>
          <string value="value"></string>
          <string role="key" value="value"></string>
          <none></none>
          <string role="key" value="valueOf_"></string>
          <string value="2"></string>
         </dictionary>
        </instance>
       </dictionary>
      </instance>
      <string role="key" value="coverage"></string>
      <list></list>
      <string role="key" value="description"></string>
      <list>
       <instance class="exe.engine.lom.lomsubs.descriptionSub">
        <dictionary>
         <string role="key" value="extensiontype_"></string>
         <none></none>
         <string role="key" value="string"></string>
         <list>
          <instance class="exe.engine.lom.lomsubs.LangStringSub">
           <dictionary>
            <string role="key" value="language"></string>
            <string value="es"></string>
            <string role="key" value="valueOf_"></string>
            <string value="Pasos b\xc3\xa1sicos para crear un curso en Moodle 3.10"></string>
           </dictionary>
          </instance>
         </list>
        </dictionary>
       </instance>
      </list>
      <string role="key" value="identifier"></string>
      <list>
       <instance class="exe.engine.lom.lomsubs.identifierSub">
        <dictionary>
         <string role="key" value="catalog"></string>
         <instance class="exe.engine.lom.lomsubs.catalogSub">
          <dictionary>
           <string role="key" value="uniqueElementName"></string>
           <string value="catalog"></string>
           <string role="key" value="valueOf_"></string>
           <unicode value="My Catalog"></unicode>
          </dictionary>
         </instance>
         <string role="key" value="entry"></string>
         <instance class="exe.engine.lom.lomsubs.entrySub">
          <dictionary>
           <string role="key" value="uniqueElementName"></string>
           <string value="entry"></string>
           <string role="key" value="valueOf_"></string>
           <unicode value="4a7d755e-34a5-410a-a7d4-601881136623"></unicode>
          </dictionary>
         </instance>
        </dictionary>
       </instance>
      </list>
      <string role="key" value="keyword"></string>
      <list></list>
      <string role="key" value="language"></string>
      <list>
       <instance class="exe.engine.lom.lomsubs.LanguageIdSub">
        <dictionary>
         <string role="key" value="extensiontype_"></string>
         <none></none>
         <string role="key" value="valueOf_"></string>
         <string value="es"></string>
        </dictionary>
       </instance>
      </list>
      <string role="key" value="structure"></string>
      <none></none>
      <string role="key" value="title"></string>
      <instance class="exe.engine.lom.lomsubs.titleSub">
       <dictionary>
        <string role="key" value="extensiontype_"></string>
        <none></none>
        <string role="key" value="string"></string>
        <list>
         <instance class="exe.engine.lom.lomsubs.LangStringSub">
          <dictionary>
           <string role="key" value="language"></string>
           <string value="es"></string>
           <string role="key" value="valueOf_"></string>
           <string value="C\xc3\xb3mo crear un curso en Moodle 3.10"></string>
          </dictionary>
         </instance>
        </list>
        <string role="key" value="uniqueElementName"></string>
        <none></none>
       </dictionary>
      </instance>
      <string role="key" value="uniqueElementName"></string>
      <string value="general"></string>
     </dictionary>
    </instance>
    <string role="key" value="lifeCycle"></string>
    <instance class="exe.engine.lom.lomsubs.lifeCycleSub">
     <dictionary>
      <string role="key" value="contribute"></string>
      <list>
       <instance class="exe.engine.lom.lomsubs.contributeSub">
        <dictionary>
         <string role="key" value="date"></string>
         <instance class="exe.engine.lom.lomsubs.dateSub">
          <dictionary>
           <string role="key" value="dateTime"></string>
           <instance class="exe.engine.lom.lomsubs.DateTimeValueSub">
            <dictionary>
             <string role="key" value="uniqueElementName"></string>
             <string value="dateTime"></string>
             <string role="key" value="valueOf_"></string>
             <string value="2021-01-06T20:10:14.00-05:00"></string>
            </dictionary>
           </instance>
           <string role="key" value="description"></string>
           <instance class="exe.engine.lom.lomsubs.LanguageStringSub">
            <dictionary>
             <string role="key" value="extensiontype_"></string>
             <none></none>
             <string role="key" value="string"></string>
             <list>
              <instance class="exe.engine.lom.lomsubs.LangStringSub">
               <dictionary>
                <string role="key" value="language"></string>
                <string value="es"></string>
                <string role="key" value="valueOf_"></string>
                <string value="Fecha de creaci\xc3\xb3n de los metadatos"></string>
               </dictionary>
              </instance>
             </list>
            </dictionary>
           </instance>
           <string role="key" value="extensiontype_"></string>
           <none></none>
           <string role="key" value="uniqueElementName"></string>
           <none></none>
           <string role="key" value="valueOf_"></string>
           <none></none>
          </dictionary>
         </instance>
         <string role="key" value="entity"></string>
         <list>
          <instance class="exe.engine.lom.lomsubs.entitySub">
           <dictionary>
            <string role="key" value="extensiontype_"></string>
            <none></none>
            <string role="key" value="valueOf_"></string>
            <string value="BEGIN:VCARD VERSION:3.0 FN:DiGITED EMAIL;TYPE=INTERNET: ORG: END:VCARD"></string>
           </dictionary>
          </instance>
         </list>
         <string role="key" value="role"></string>
         <instance class="exe.engine.lom.lomsubs.roleSub">
          <dictionary>
           <string role="key" value="extensiontype_"></string>
           <none></none>
           <string role="key" value="source"></string>
           <instance class="exe.engine.lom.lomsubs.sourceValueSub">
            <dictionary>
             <string role="key" value="extensiontype_"></string>
             <none></none>
             <string role="key" value="string"></string>
             <list></list>
             <string role="key" value="uniqueElementName"></string>
             <string value="source"></string>
             <string role="key" value="valueOf_"></string>
             <string value="LOM-ESv1.0"></string>
            </dictionary>
           </instance>
           <string role="key" value="uniqueElementName"></string>
           <string value="role"></string>
           <string role="key" value="value"></string>
           <instance class="exe.engine.lom.lomsubs.roleValueSub">
            <dictionary>
             <string role="key" value="extensiontype_"></string>
             <none></none>
             <string role="key" value="source"></string>
             <none></none>
             <string role="key" value="uniqueElementName"></string>
             <string value="value"></string>
             <string role="key" value="value"></string>
             <none></none>
             <string role="key" value="valueOf_"></string>
             <string value="author"></string>
            </dictionary>
           </instance>
          </dictionary>
         </instance>
        </dictionary>
       </instance>
      </list>
      <string role="key" value="status"></string>
      <none></none>
      <string role="key" value="uniqueElementName"></string>
      <none></none>
      <string role="key" value="version"></string>
      <none></none>
     </dictionary>
    </instance>
    <string role="key" value="metaMetadata"></string>
    <instance class="exe.engine.lom.lomsubs.metaMetadataSub">
     <dictionary>
      <string role="key" value="contribute"></string>
      <list>
       <instance class="exe.engine.lom.lomsubs.contributeMetaSub">
        <dictionary>
         <string role="key" value="date"></string>
         <instance class="exe.engine.lom.lomsubs.dateSub">
          <dictionary>
           <string role="key" value="dateTime"></string>
           <instance class="exe.engine.lom.lomsubs.DateTimeValueSub">
            <dictionary>
             <string role="key" value="uniqueElementName"></string>
             <string value="dateTime"></string>
             <string role="key" value="valueOf_"></string>
             <string value="2021-01-06T17:43:34.00-05:00"></string>
            </dictionary>
           </instance>
           <string role="key" value="description"></string>
           <instance class="exe.engine.lom.lomsubs.LanguageStringSub">
            <dictionary>
             <string role="key" value="extensiontype_"></string>
             <none></none>
             <string role="key" value="string"></string>
             <list>
              <instance class="exe.engine.lom.lomsubs.LangStringSub">
               <dictionary>
                <string role="key" value="language"></string>
                <string value="es"></string>
                <string role="key" value="valueOf_"></string>
                <string value="Fecha de creaci\xc3\xb3n de los metadatos"></string>
               </dictionary>
              </instance>
             </list>
            </dictionary>
           </instance>
           <string role="key" value="extensiontype_"></string>
           <none></none>
           <string role="key" value="uniqueElementName"></string>
           <none></none>
           <string role="key" value="valueOf_"></string>
           <none></none>
          </dictionary>
         </instance>
         <string role="key" value="entity"></string>
         <list>
          <instance class="exe.engine.lom.lomsubs.entitySub">
           <dictionary>
            <string role="key" value="extensiontype_"></string>
            <none></none>
            <string role="key" value="valueOf_"></string>
            <string value="BEGIN:VCARD VERSION:3.0 FN:DiGITED EMAIL;TYPE=INTERNET: ORG: END:VCARD"></string>
           </dictionary>
          </instance>
         </list>
         <string role="key" value="role"></string>
         <instance class="exe.engine.lom.lomsubs.roleSub">
          <dictionary>
           <string role="key" value="extensiontype_"></string>
           <none></none>
           <string role="key" value="source"></string>
           <instance class="exe.engine.lom.lomsubs.sourceValueSub">
            <dictionary>
             <string role="key" value="extensiontype_"></string>
             <none></none>
             <string role="key" value="string"></string>
             <list></list>
             <string role="key" value="uniqueElementName"></string>
             <string value="source"></string>
             <string role="key" value="valueOf_"></string>
             <string value="LOM-ESv1.0"></string>
            </dictionary>
           </instance>
           <string role="key" value="uniqueElementName"></string>
           <string value="role"></string>
           <string role="key" value="value"></string>
           <instance class="exe.engine.lom.lomsubs.roleValueSub">
            <dictionary>
             <string role="key" value="extensiontype_"></string>
             <none></none>
             <string role="key" value="source"></string>
             <none></none>
             <string role="key" value="uniqueElementName"></string>
             <string value="value"></string>
             <string role="key" value="value"></string>
             <none></none>
             <string role="key" value="valueOf_"></string>
             <string value="creator"></string>
            </dictionary>
           </instance>
          </dictionary>
         </instance>
        </dictionary>
       </instance>
      </list>
      <string role="key" value="identifier"></string>
      <list></list>
      <string role="key" value="language"></string>
      <instance class="exe.engine.lom.lomsubs.LanguageIdSub">
       <dictionary>
        <string role="key" value="extensiontype_"></string>
        <none></none>
        <string role="key" value="valueOf_"></string>
        <string value="es"></string>
       </dictionary>
      </instance>
      <string role="key" value="metadataSchema"></string>
      <list>
       <instance class="exe.engine.lom.lomsubs.metadataSchemaSub">
        <dictionary>
         <string role="key" value="valueOf_"></string>
         <string value="LOM-ESv1.0"></string>
        </dictionary>
       </instance>
      </list>
      <string role="key" value="uniqueElementName"></string>
      <string value="metaMetadata"></string>
     </dictionary>
    </instance>
    <string role="key" value="relation"></string>
    <list></list>
    <string role="key" value="rights"></string>
    <instance class="exe.engine.lom.lomsubs.rightsSub">
     <dictionary>
      <string role="key" value="access"></string>
      <instance class="exe.engine.lom.lomsubs.accessSub">
       <dictionary>
        <string role="key" value="accessType"></string>
        <instance class="exe.engine.lom.lomsubs.accessTypeSub">
         <dictionary>
          <string role="key" value="extensiontype_"></string>
          <none></none>
          <string role="key" value="source"></string>
          <instance class="exe.engine.lom.lomsubs.sourceValueSub">
           <dictionary>
            <string role="key" value="extensiontype_"></string>
            <none></none>
            <string role="key" value="string"></string>
            <list></list>
            <string role="key" value="uniqueElementName"></string>
            <string value="source"></string>
            <string role="key" value="valueOf_"></string>
            <string value="LOM-ESv1.0"></string>
           </dictionary>
          </instance>
          <string role="key" value="uniqueElementName"></string>
          <string value="accessType"></string>
          <string role="key" value="value"></string>
          <instance class="exe.engine.lom.lomsubs.accessTypeValueSub">
           <dictionary>
            <string role="key" value="extensiontype_"></string>
            <none></none>
            <string role="key" value="source"></string>
            <none></none>
            <string role="key" value="uniqueElementName"></string>
            <string value="value"></string>
            <string role="key" value="value"></string>
            <none></none>
            <string role="key" value="valueOf_"></string>
            <string value="universal"></string>
           </dictionary>
          </instance>
         </dictionary>
        </instance>
        <string role="key" value="description"></string>
        <instance class="exe.engine.lom.lomsubs.LanguageStringSub">
         <dictionary>
          <string role="key" value="extensiontype_"></string>
          <none></none>
          <string role="key" value="string"></string>
          <list>
           <instance class="exe.engine.lom.lomsubs.LangStringSub">
            <dictionary>
             <string role="key" value="language"></string>
             <string value="en"></string>
             <string role="key" value="valueOf_"></string>
             <unicode value="Default"></unicode>
            </dictionary>
           </instance>
          </list>
         </dictionary>
        </instance>
        <string role="key" value="uniqueElementName"></string>
        <string value="access"></string>
       </dictionary>
      </instance>
      <string role="key" value="copyrightAndOtherRestrictions"></string>
      <instance class="exe.engine.lom.lomsubs.copyrightAndOtherRestrictionsSub">
       <dictionary>
        <string role="key" value="extensiontype_"></string>
        <none></none>
        <string role="key" value="source"></string>
        <instance class="exe.engine.lom.lomsubs.sourceValueSub">
         <dictionary>
          <string role="key" value="extensiontype_"></string>
          <none></none>
          <string role="key" value="string"></string>
          <list></list>
          <string role="key" value="uniqueElementName"></string>
          <string value="source"></string>
          <string role="key" value="valueOf_"></string>
          <string value="LOM-ESv1.0"></string>
         </dictionary>
        </instance>
        <string role="key" value="uniqueElementName"></string>
        <string value="copyrightAndOtherRestrictions"></string>
        <string role="key" value="value"></string>
        <instance class="exe.engine.lom.lomsubs.copyrightAndOtherRestrictionsValueSub">
         <dictionary>
          <string role="key" value="extensiontype_"></string>
          <none></none>
          <string role="key" value="source"></string>
          <none></none>
          <string role="key" value="uniqueElementName"></string>
          <string value="value"></string>
          <string role="key" value="value"></string>
          <none></none>
          <string role="key" value="valueOf_"></string>
          <string value="creative commons: attribution - share alike"></string>
         </dictionary>
        </instance>
       </dictionary>
      </instance>
      <string role="key" value="cost"></string>
      <none></none>
      <string role="key" value="description"></string>
      <none></none>
      <string role="key" value="uniqueElementName"></string>
      <string value="rights"></string>
     </dictionary>
    </instance>
    <string role="key" value="technical"></string>
    <none></none>
   </dictionary>
  </instance>
  <string role="key" value="mxmlforcemediaonly"></string>
  <bool value="0"></bool>
  <string role="key" value="mxmlheight"></string>
  <string value=""></string>
  <string role="key" value="mxmlprofilelist"></string>
  <string value=""></string>
  <string role="key" value="mxmlwidth"></string>
  <string value=""></string>
  <string role="key" value="release"></string>
  <string value="2.5.1"></string>
  <string role="key" value="resources"></string>
  <dictionary>
   <string role="key" value="16ea558cf289a2baab813f9d03557a99"></string>
   <list>
    <reference key="11"></reference>
   </list>
   <string role="key" value="4377665c73f053f2f2c360c31ae8e377"></string>
   <list>
    <reference key="12"></reference>
   </list>
   <string role="key" value="69af708acc90ff39e5aa5a095f372d0c"></string>
   <list>
    <reference key="13"></reference>
   </list>
   <string role="key" value="7ccde37ed5e1edc395f837dfbfbeac5f"></string>
   <list>
    <reference key="8"></reference>
   </list>
   <string role="key" value="a1e6180175a031bee10bd91ca0895034"></string>
   <list>
    <reference key="14"></reference>
   </list>
   <string role="key" value="b82a312ee6bf1870f2a141faa218c1bc"></string>
   <list>
    <reference key="10"></reference>
   </list>
   <string role="key" value="f18d560deee61f1a6d3cf69b995e8cc5"></string>
   <list>
    <reference key="9"></reference>
   </list>
   <string role="key" value="fa74b4848ccd11e071f8d1d5762d8264"></string>
   <list>
    <reference key="15"></reference>
   </list>
  </dictionary>
  <string role="key" value="root"></string>
  <reference key="3"></reference>
  <string role="key" value="scolinks"></string>
  <bool value="0"></bool>
  <string role="key" value="scowsinglepage"></string>
  <bool value="0"></bool>
  <string role="key" value="scowwebsite"></string>
  <bool value="0"></bool>
  <string role="key" value="style"></string>
  <unicode value="digited_plantilla"></unicode>
  <string role="key" value="sugaractivityname"></string>
  <string value=""></string>
  <string role="key" value="sugarservicename"></string>
  <string value=""></string>
  <string role="key" value="tempFile"></string>
  <bool value="0"></bool>
 </dictionary>
</instance>